{
  "project_info": {
    "project_number": "771087833238",
    "firebase_url": "https://e-koperasi-psp-212232-default-rtdb.asia-southeast1.firebasedatabase.app",
    "project_id": "e-koperasi-psp-212232",
    "storage_bucket": "e-koperasi-psp-212232.appspot.com"
  },
  "client": [
    {
      "client_info": {
        "mobilesdk_app_id": "1:771087833238:android:3ac187d61242a2b8534ab7",
        "android_client_info": {
          "package_name": "com.gnj.e_koperasi"
        }
      },
      "oauth_client": [
        {
          "client_id": "771087833238-8iphpum7h9decfidqa9k7lvq9kn6357l.apps.googleusercontent.com",
          "client_type": 3
        }
      ],
      "api_key": [
        {
          "current_key": "AIzaSyBG9LgLuk9IqhQrIWMtdfDTGcvvnQu1BFM"
        }
      ],
      "services": {
        "appinvite_service": {
          "other_platform_oauth_client": [
            {
              "client_id": "771087833238-8iphpum7h9decfidqa9k7lvq9kn6357l.apps.googleusercontent.com",
              "client_type": 3
            }
          ]
        }
      }
    }
  ],
  "configuration_version": "1"
}